[
  {
    "cex": "BINANCE",
    "nama_token": "Axelar",
    "ticker": "AXL",
    "sc": "0x23ee2343b892b1bb63503a4fabc840e0e2c6810f",
    "decimals": 6
  },
  {
    "cex": "BINANCE",
    "nama_token": "USDC",
    "ticker": "USDC",
    "sc": "0x833589fcd6edb6e08f4c7c32d4f71b54bda02913",
    "decimals": 6
  },
  {
    "cex": "BINANCE",
    "nama_token": "aixbt by Virtuals",
    "ticker": "AIXBT",
    "sc": "0x4f9fd6be4a90f2620860d680c0d4d5fb53d1a825",
    "decimals": 18
  },
  {
    "cex": "BINANCE",
    "nama_token": "Kaito",
    "ticker": "KAITO",
    "sc": "0x98d0baa52b2d063e780de12f615f963fe8537553",
    "decimals": 18
  },
  {
    "cex": "BINANCE",
    "nama_token": "LayerZero",
    "ticker": "ZRO",
    "sc": "0x6985884c4392d348587b19cb9eaaf157f13271cd",
    "decimals": 18
  },
  {
    "cex": "BINANCE",
    "nama_token": "Horizen",
    "ticker": "ZEN",
    "sc": "0xf43eb8de897fbc7f2502483b2bef7bb9ea179229",
    "decimals": 18
  },
  {
    "cex": "BINANCE",
    "nama_token": "GoPlus Security",
    "ticker": "GPS",
    "sc": "0x0c1dc73159e30c4b06170f2593d3118968a0dca5",
    "decimals": 18
  },
  {
    "cex": "BINANCE",
    "nama_token": "Towns Protocol",
    "ticker": "TOWNS",
    "sc": "0x00000000a22c618fd6b4d7e9a335c4b96b189a38",
    "decimals": 18
  },
  {
    "cex": "BINANCE",
    "nama_token": "Radiant Capital",
    "ticker": "RDNT",
    "sc": "0xd722e55c1d9d9fa0021a5215cbb904b92b3dc5d4",
    "decimals": 18
  },
  {
    "cex": "BINANCE",
    "nama_token": "Defi App",
    "ticker": "HOME",
    "sc": "0x4bfaa776991e85e5f8b1255461cbbd216cfc714f",
    "decimals": 18
  },
  {
    "cex": "BINANCE",
    "nama_token": "Maverick Protocol",
    "ticker": "MAV",
    "sc": "0x64b88c73a5dfa78d1713fe1b4c69a22d7e0faaa7",
    "decimals": 18
  },
  {
    "cex": "BINANCE",
    "nama_token": "Sign",
    "ticker": "SIGN",
    "sc": "0x868fced65edbf0056c4163515dd840e9f287a4c3",
    "decimals": 18
  },
  {
    "cex": "BINANCE",
    "nama_token": "Space and Time",
    "ticker": "SXT",
    "sc": "0xa2c22252cdc8b7cddee1b0b2e242818509fcf7b8",
    "decimals": 18
  },
  {
    "cex": "BINANCE",
    "nama_token": "AWE Network",
    "ticker": "AWE",
    "sc": "0x1b4617734c43f6159f3a70b7e06d883647512778",
    "decimals": 18
  },
  {
    "cex": "BINANCE",
    "nama_token": "Particle Network",
    "ticker": "PARTI",
    "sc": "0x59264f02d301281f3393e1385c0aefd446eb0f00",
    "decimals": 18
  },
  {
    "cex": "BINANCE",
    "nama_token": "Bio Protocol",
    "ticker": "BIO",
    "sc": "0x226a2fa2556c48245e57cd1cba4c6c9e67077dd2",
    "decimals": 18
  },
  {
    "cex": "BINANCE",
    "nama_token": "Chainbase",
    "ticker": "C",
    "sc": "0xba12bc7b210e61e5d3110b997a63ea216e0e18f7",
    "decimals": 18
  },
  {
    "cex": "BINANCE",
    "nama_token": "Hyperlane",
    "ticker": "HYPER",
    "sc": "0xc9d23ed2adb0f551369946bd377f8644ce1ca5c4",
    "decimals": 18
  },
  {
    "cex": "BINANCE",
    "nama_token": "Maple Finance",
    "ticker": "SYRUP",
    "sc": "0x688aee022aa544f150678b8e5720b6b96a9e9a2f",
    "decimals": 18
  },
  {
    "cex": "BINANCE",
    "nama_token": "Mira",
    "ticker": "MIRA",
    "sc": "0x7aafd31a321d3627b30a8e2171264b56852187fe",
    "decimals": 18
  },
  {
    "cex": "BINANCE",
    "nama_token": "Somnia",
    "ticker": "SOMI",
    "sc": "0x47636b3188774a3e7273d85a537b9ba4ee7b2535",
    "decimals": 18
  },
  {
    "cex": "BINANCE",
    "nama_token": "Virtuals Protocol",
    "ticker": "VIRTUAL",
    "sc": "0x0b3e328455c4059eeb9e3f84b5543f74e24e7e1b",
    "decimals": 18
  },
  {
    "cex": "BINANCE",
    "nama_token": "Avantis",
    "ticker": "AVNT",
    "sc": "0x696f9436b67233384889472cd7cd58a6fb5df4f1",
    "decimals": 18
  },
  {
    "cex": "BITGET",
    "nama_token": "USDC",
    "ticker": "USDC",
    "sc": "0x833589fcd6edb6e08f4c7c32d4f71b54bda02913",
    "decimals": 6
  },
  {
    "cex": "BITGET",
    "nama_token": "BRETT",
    "ticker": "BRETT",
    "sc": "0x532f27101965dd16442e59d40670faf5ebb142e4",
    "decimals": 18
  },
  {
    "cex": "BITGET",
    "nama_token": "PARTI",
    "ticker": "PARTI",
    "sc": "0x59264f02d301281f3393e1385c0aefd446eb0f00",
    "decimals": 18
  },
  {
    "cex": "BITGET",
    "nama_token": "ZEN",
    "ticker": "ZEN",
    "sc": "0xf43eb8de897fbc7f2502483b2bef7bb9ea179229",
    "decimals": 18
  },
  {
    "cex": "BITGET",
    "nama_token": "UNITE",
    "ticker": "UNITE",
    "sc": "0xa6c6ea2e0140849be02a3a34780cf61b766916c5",
    "decimals": 18
  },
  {
    "cex": "BITGET",
    "nama_token": "MOEW",
    "ticker": "MOEW",
    "sc": "0x15ac90165f8b45a80534228bdcb124a011f62fee",
    "decimals": 18
  },
  {
    "cex": "BITGET",
    "nama_token": "TOSHI",
    "ticker": "TOSHI",
    "sc": "0xac1bd2486aaf3b5c0fc3fd868558b082a531b2b4",
    "decimals": 18
  },
  {
    "cex": "BITGET",
    "nama_token": "DEGEN",
    "ticker": "DEGEN",
    "sc": "0x4ed4e862860bed51a9570b96d89af5e1b0efefed",
    "decimals": 18
  },
  {
    "cex": "BITGET",
    "nama_token": "RDAC",
    "ticker": "RDAC",
    "sc": "0xd3f68c6e8aee820569d58adf8d85d94489315192",
    "decimals": 18
  },
  {
    "cex": "BITGET",
    "nama_token": "MCADE",
    "ticker": "MCADE",
    "sc": "0xc48823ec67720a04a9dfd8c7d109b2c3d6622094",
    "decimals": 18
  },
  {
    "cex": "BITGET",
    "nama_token": "GPS",
    "ticker": "GPS",
    "sc": "0x0c1dc73159e30c4b06170f2593d3118968a0dca5",
    "decimals": 18
  },
  {
    "cex": "BITGET",
    "nama_token": "F",
    "ticker": "F",
    "sc": "0x2c24497d4086490e7ead87cc12597fb50c2e6ed6",
    "decimals": 18
  },
  {
    "cex": "BITGET",
    "nama_token": "TOWNS",
    "ticker": "TOWNS",
    "sc": "0x00000000a22c618fd6b4d7e9a335c4b96b189a38",
    "decimals": 18
  },
  {
    "cex": "BITGET",
    "nama_token": "HOME",
    "ticker": "HOME",
    "sc": "0x4bfaa776991e85e5f8b1255461cbbd216cfc714f",
    "decimals": 18
  },
  {
    "cex": "BITGET",
    "nama_token": "SPON",
    "ticker": "SPON",
    "sc": "0x080d43c2164afdbc3712422ce78ab902ccab5ca1",
    "decimals": 18
  },
  {
    "cex": "BITGET",
    "nama_token": "ZORA",
    "ticker": "ZORA",
    "sc": "0x1111111111166b7fe7bd91427724b487980afc69",
    "decimals": 18
  },
  {
    "cex": "BITGET",
    "nama_token": "SIGN",
    "ticker": "SIGN",
    "sc": "0x868fced65edbf0056c4163515dd840e9f287a4c3",
    "decimals": 18
  },
  {
    "cex": "BITGET",
    "nama_token": "AIXBT",
    "ticker": "AIXBT",
    "sc": "0x4f9fd6be4a90f2620860d680c0d4d5fb53d1a825",
    "decimals": 18
  },
  {
    "cex": "BITGET",
    "nama_token": "AWE",
    "ticker": "AWE",
    "sc": "0x1b4617734c43f6159f3a70b7e06d883647512778",
    "decimals": 18
  },
  {
    "cex": "BITGET",
    "nama_token": "COOKIE",
    "ticker": "COOKIE",
    "sc": "0xc0041ef357b183448b235a8ea73ce4e4ec8c265f",
    "decimals": 18
  },
  {
    "cex": "BITGET",
    "nama_token": "MAVIA",
    "ticker": "MAVIA",
    "sc": "0x24fcfc492c1393274b6bcd568ac9e225bec93584",
    "decimals": 18
  },
  {
    "cex": "BITGET",
    "nama_token": "VFY",
    "ticker": "VFY",
    "sc": "0xa749de6c28262b7ffbc5de27dc845dd7ecd2b358",
    "decimals": 18
  },
  {
    "cex": "BITGET",
    "nama_token": "SAPIEN",
    "ticker": "SAPIEN",
    "sc": "0xc729777d0470f30612b1564fd96e8dd26f5814e3",
    "decimals": 18
  },
  {
    "cex": "BITGET",
    "nama_token": "C",
    "ticker": "C",
    "sc": "0xba12bc7b210e61e5d3110b997a63ea216e0e18f7",
    "decimals": 18
  },
  {
    "cex": "BITGET",
    "nama_token": "ICNT",
    "ticker": "ICNT",
    "sc": "0xe0cd4cacddcbf4f36e845407ce53e87717b6601d",
    "decimals": 18
  },
  {
    "cex": "BITGET",
    "nama_token": "CARV",
    "ticker": "CARV",
    "sc": "0xc08cd26474722ce93f4d0c34d16201461c10aa8c",
    "decimals": 18
  },
  {
    "cex": "BITGET",
    "nama_token": "FLOCK",
    "ticker": "FLOCK",
    "sc": "0x5ab3d4c385b400f3abb49e80de2faf6a88a7b691",
    "decimals": 18
  },
  {
    "cex": "BITGET",
    "nama_token": "MIRA",
    "ticker": "MIRA",
    "sc": "0x7aafd31a321d3627b30a8e2171264b56852187fe",
    "decimals": 18
  },
  {
    "cex": "BITGET",
    "nama_token": "VIRTUAL",
    "ticker": "VIRTUAL",
    "sc": "0x0b3e328455c4059eeb9e3f84b5543f74e24e7e1b",
    "decimals": 18
  },
  {
    "cex": "BITGET",
    "nama_token": "AVNT",
    "ticker": "AVNT",
    "sc": "0x696f9436b67233384889472cd7cd58a6fb5df4f1",
    "decimals": 18
  },
  {
    "cex": "BITGET",
    "nama_token": "AERO",
    "ticker": "AERO",
    "sc": "0x940181a94a35a4569e4529a3cdfb74e38fd98631",
    "decimals": 18
  },
  {
    "cex": "BITGET",
    "nama_token": "KAITO",
    "ticker": "KAITO",
    "sc": "0x98d0baa52b2d063e780de12f615f963fe8537553",
    "decimals": 18
  },
  {
    "cex": "BITGET",
    "nama_token": "MORPHO",
    "ticker": "MORPHO",
    "sc": "0xbaa5cc21fd487b8fcc2f632f3f4e8d37262a0842",
    "decimals": 18
  },
  {
    "cex": "BITGET",
    "nama_token": "CLANKER",
    "ticker": "CLANKER",
    "sc": "0x1bc0c42215582d5a085795f4badbac3ff36d1bcb",
    "decimals": 18
  },
  {
    "cex": "BYBIT",
    "nama_token": "USDC",
    "ticker": "USDC",
    "sc": "0x833589fCD6eDb6E08f4c7C32D4f71b54bdA02913",
    "decimals": 6
  },
  {
    "cex": "BYBIT",
    "nama_token": "MOG",
    "ticker": "MOG",
    "sc": "0x2Da56AcB9Ea78330f947bD57C54119Debda7AF71",
    "decimals": 18
  },
  {
    "cex": "BYBIT",
    "nama_token": "SIGN",
    "ticker": "SIGN",
    "sc": "0x868FCEd65edBF0056c4163515dD840e9f287A4c3",
    "decimals": 18
  },
  {
    "cex": "BYBIT",
    "nama_token": "PARTI",
    "ticker": "PARTI",
    "sc": "0x59264f02D301281f3393e1385c0aEFd446Eb0F00",
    "decimals": 18
  },
  {
    "cex": "BYBIT",
    "nama_token": "VVV",
    "ticker": "VVV",
    "sc": "0xacfE6019Ed1A7Dc6f7B508C02d1b04ec88cC21bf",
    "decimals": 18
  },
  {
    "cex": "BYBIT",
    "nama_token": "ZRO",
    "ticker": "ZRO",
    "sc": "0x6985884C4392D348587B19cb9eAAf157F13271cd",
    "decimals": 18
  },
  {
    "cex": "BYBIT",
    "nama_token": "ZEN",
    "ticker": "ZEN",
    "sc": "0xf43eB8De897Fbc7F2502483B2Bef7Bb9EA179229",
    "decimals": 18
  },
  {
    "cex": "BYBIT",
    "nama_token": "TOSHI",
    "ticker": "TOSHI",
    "sc": "0xAC1Bd2486aAf3B5C0fc3Fd868558b082a531B2B4",
    "decimals": 18
  },
  {
    "cex": "BYBIT",
    "nama_token": "B3",
    "ticker": "B3",
    "sc": "0xB3B32F9f8827D4634fE7d973Fa1034Ec9fdDB3B3",
    "decimals": 18
  },
  {
    "cex": "BYBIT",
    "nama_token": "DEGEN",
    "ticker": "DEGEN",
    "sc": "0x4ed4E862860beD51a9570b96d89aF5E1B0Efefed",
    "decimals": 18
  },
  {
    "cex": "BYBIT",
    "nama_token": "COA",
    "ticker": "COA",
    "sc": "0xA992ffb0C9B753307B9704079c61DB4e405DeFfd",
    "decimals": 18
  },
  {
    "cex": "BYBIT",
    "nama_token": "OBT",
    "ticker": "OBT",
    "sc": "0x514D8E8099286a13486Ef6C525C120f51C239B52",
    "decimals": 18
  },
  {
    "cex": "BYBIT",
    "nama_token": "ODOS",
    "ticker": "ODOS",
    "sc": "0xca73ed1815e5915489570014e024b7EbE65dE679",
    "decimals": 18
  },
  {
    "cex": "BYBIT",
    "nama_token": "LUNAI",
    "ticker": "LUNAI",
    "sc": "0x55cD6469F597452B5A7536e2CD98fDE4c1247ee4",
    "decimals": 18
  },
  {
    "cex": "BYBIT",
    "nama_token": "GPS",
    "ticker": "GPS",
    "sc": "0x0C1dC73159e30c4b06170F2593D3118968a0DCa5",
    "decimals": 18
  },
  {
    "cex": "BYBIT",
    "nama_token": "F",
    "ticker": "F",
    "sc": "0x2C24497D4086490e7EaD87CC12597fb50c2E6eD6",
    "decimals": 18
  },
  {
    "cex": "BYBIT",
    "nama_token": "GAME",
    "ticker": "GAME",
    "sc": "0x1C4CcA7C5DB003824208aDDA61Bd749e55F463a3",
    "decimals": 18
  },
  {
    "cex": "BYBIT",
    "nama_token": "TOWNS",
    "ticker": "TOWNS",
    "sc": "0x00000000A22C618fd6b4D7E9A335C4B96B189a38",
    "decimals": 18
  },
  {
    "cex": "BYBIT",
    "nama_token": "HOME",
    "ticker": "HOME",
    "sc": "0x4BfAa776991E85e5f8b1255461cbbd216cFc714f",
    "decimals": 18
  },
  {
    "cex": "BYBIT",
    "nama_token": "BRETT",
    "ticker": "BRETT",
    "sc": "0x532f27101965dd16442E59d40670FaF5eBB142E4",
    "decimals": 18
  },
  {
    "cex": "BYBIT",
    "nama_token": "ZORA",
    "ticker": "ZORA",
    "sc": "0x1111111111166b7FE7bd91427724B487980aFc69",
    "decimals": 18
  },
  {
    "cex": "BYBIT",
    "nama_token": "AIXBT",
    "ticker": "AIXBT",
    "sc": "0x4F9Fd6Be4a90f2620860d680c0d4d5Fb53d1A825",
    "decimals": 18
  },
  {
    "cex": "BYBIT",
    "nama_token": "COOKIE",
    "ticker": "COOKIE",
    "sc": "0xC0041EF357B183448B235a8Ea73Ce4E4eC8c265F",
    "decimals": 18
  },
  {
    "cex": "BYBIT",
    "nama_token": "MAVIA",
    "ticker": "MAVIA",
    "sc": "0x24fcFC492C1393274B6bcd568ac9e225BEc93584",
    "decimals": 18
  },
  {
    "cex": "BYBIT",
    "nama_token": "ICNT",
    "ticker": "ICNT",
    "sc": "0xE0Cd4cAcDdcBF4f36e845407CE53E87717b6601d",
    "decimals": 18
  },
  {
    "cex": "BYBIT",
    "nama_token": "CARV",
    "ticker": "CARV",
    "sc": "0xc08Cd26474722cE93F4D0c34D16201461c10AA8C",
    "decimals": 18
  },
  {
    "cex": "BYBIT",
    "nama_token": "FLOCK",
    "ticker": "FLOCK",
    "sc": "0x5aB3D4c385B400F3aBB49e80DE2fAF6a88A7B691",
    "decimals": 18
  },
  {
    "cex": "BYBIT",
    "nama_token": "SOSO",
    "ticker": "SOSO",
    "sc": "0x624e2e7fDc8903165F64891672267AB0FCB98831",
    "decimals": 18
  },
  {
    "cex": "BYBIT",
    "nama_token": "VIRTUAL",
    "ticker": "VIRTUAL",
    "sc": "0x0b3e328455c4059EEb9e3f84b5543F74E24e7E1b",
    "decimals": 18
  },
  {
    "cex": "BYBIT",
    "nama_token": "AVNT",
    "ticker": "AVNT",
    "sc": "0x696F9436B67233384889472Cd7cD58A6fB5DF4f1",
    "decimals": 18
  },
  {
    "cex": "BYBIT",
    "nama_token": "AERO",
    "ticker": "AERO",
    "sc": "0x940181a94A35A4569E4529A3CDfB74e38FD98631",
    "decimals": 18
  },
  {
    "cex": "BYBIT",
    "nama_token": "MORPHO",
    "ticker": "MORPHO",
    "sc": "0xBAa5CC21fd487B8Fcc2F632f3F4E8D37262a0842",
    "decimals": 18
  },
  {
    "cex": "GATE",
    "nama_token": "Buz Economy",
    "ticker": "BUZ",
    "sc": "0xc73dC7aE7A4fa40517aAfa941AE1ee436B91a12c",
    "decimals": 4
  },
  {
    "cex": "GATE",
    "nama_token": "Calcify Tech",
    "ticker": "CALCIFY",
    "sc": "0x019029665a6e73ef98e1970f8a5434b3de38d41c",
    "decimals": 6
  },
  {
    "cex": "GATE",
    "nama_token": "Axelar",
    "ticker": "WAXL",
    "sc": "0x23ee2343B892b1BB63503a4FAbc840E0e2C6810f",
    "decimals": 6
  },
  {
    "cex": "GATE",
    "nama_token": "USDCoin",
    "ticker": "USDC",
    "sc": "0x833589fCD6eDb6E08f4c7C32D4f71b54bdA02913",
    "decimals": 6
  },
  {
    "cex": "GATE",
    "nama_token": "Rivalz Network",
    "ticker": "RIZ",
    "sc": "0x67543cf0304c19ca62ac95ba82fd4f4b40788dc1",
    "decimals": 8
  },
  {
    "cex": "GATE",
    "nama_token": "MAG7.ssi",
    "ticker": "MAG7SSI",
    "sc": "0x9e6a46f294bb67c20f1d1e7afb0bbef614403b55",
    "decimals": 8
  },
  {
    "cex": "GATE",
    "nama_token": "SKI MASK DOG",
    "ticker": "SKI",
    "sc": "0x768be13e1680b5ebe0024c42c896e3db59ec0149",
    "decimals": 9
  },
  {
    "cex": "GATE",
    "nama_token": "Akuma Inu",
    "ticker": "AKUMA",
    "sc": "0x2f20cf3466f80a5f7f532fca553c8cbc9727fef6",
    "decimals": 18
  },
  {
    "cex": "GATE",
    "nama_token": "GochujangCoin",
    "ticker": "GOCHU",
    "sc": "0x9aaae745cf2830fb8ddc6248b17436dc3a5e701c",
    "decimals": 18
  },
  {
    "cex": "GATE",
    "nama_token": "Giza",
    "ticker": "GIZA",
    "sc": "0x590830dfdf9a3f68afcdde2694773debdf267774",
    "decimals": 18
  },
  {
    "cex": "GATE",
    "nama_token": "Venice Token",
    "ticker": "VVV",
    "sc": "0xacfe6019ed1a7dc6f7b508c02d1b04ec88cc21bf",
    "decimals": 18
  },
  {
    "cex": "GATE",
    "nama_token": "Dyor",
    "ticker": "DYOR",
    "sc": "0xa001dcc9a7974dae133a11d2800a7abf7b8f5f3c",
    "decimals": 18
  },
  {
    "cex": "GATE",
    "nama_token": "AI Voice Agents",
    "ticker": "AIVA",
    "sc": "0xbdb0e1c40a76c5113a023d685b419b90b01e3d61",
    "decimals": 18
  },
  {
    "cex": "GATE",
    "nama_token": "Global DePIN Chain",
    "ticker": "DEEPSEEK",
    "sc": "0x81a382272bd2bec1f3f9fdab5763a500cbd8ebad",
    "decimals": 18
  },
  {
    "cex": "GATE",
    "nama_token": "Unite",
    "ticker": "UNITE",
    "sc": "0xa6c6ea2e0140849be02a3a34780cf61b766916c5",
    "decimals": 18
  },
  {
    "cex": "GATE",
    "nama_token": "doginme",
    "ticker": "DOGINME",
    "sc": "0x6921b130d297cc43754afba22e5eac0fbf8db75b",
    "decimals": 18
  },
  {
    "cex": "GATE",
    "nama_token": "aiPump",
    "ticker": "AIPUMP",
    "sc": "0xfbecd19292b1effeaa7b2e61f5101ddb6744a1fb",
    "decimals": 18
  },
  {
    "cex": "GATE",
    "nama_token": "Roost",
    "ticker": "ROOST",
    "sc": "0xeD899bfDB28c8ad65307Fa40f4acAB113AE2E14c",
    "decimals": 18
  },
  {
    "cex": "GATE",
    "nama_token": "Token Metrics AI",
    "ticker": "TMAI",
    "sc": "0xca4569949699d56e1834efe9f58747ca0f151b01",
    "decimals": 18
  },
  {
    "cex": "GATE",
    "nama_token": "BankrCoin",
    "ticker": "BNKR",
    "sc": "0x22af33fe49fd1fa80c7149773dde5890d3c76f3b",
    "decimals": 18
  },
  {
    "cex": "GATE",
    "nama_token": "Planet Mojo",
    "ticker": "MOJO",
    "sc": "0xeD2d13A70acbD61074fC56bd0d0845e35f793e5E",
    "decimals": 18
  },
  {
    "cex": "GATE",
    "nama_token": "TaoCat",
    "ticker": "TAOCAT",
    "sc": "0x7a5f5ccd46ebd7ac30615836d988ca3bd57412b3",
    "decimals": 18
  },
  {
    "cex": "GATE",
    "nama_token": "Primex Finance",
    "ticker": "PRIMEX",
    "sc": "0x0b3eaead748facdb9d943d3407011f16eb17d0cf",
    "decimals": 18
  },
  {
    "cex": "GATE",
    "nama_token": "Toshi",
    "ticker": "TOSHI",
    "sc": "0xAC1Bd2486aAf3B5C0fc3Fd868558b082a531B2B4",
    "decimals": 18
  },
  {
    "cex": "GATE",
    "nama_token": "AthenaX9",
    "ticker": "AIX9",
    "sc": "0x8e306e02ec1effc4fdad3f952fbeeebf3730ae19",
    "decimals": 18
  },
  {
    "cex": "GATE",
    "nama_token": "Kontos",
    "ticker": "KOS",
    "sc": "0xd173c2c9386aee88b1ca06522c951be67cbf38cc",
    "decimals": 18
  },
  {
    "cex": "GATE",
    "nama_token": "AI Agent Layer",
    "ticker": "AIFUN",
    "sc": "0xbdf317f9c153246c429f23f4093087164b145390",
    "decimals": 18
  },
  {
    "cex": "GATE",
    "nama_token": "B3 Base",
    "ticker": "B3",
    "sc": "0xb3b32f9f8827d4634fe7d973fa1034ec9fddb3b3",
    "decimals": 18
  },
  {
    "cex": "GATE",
    "nama_token": "Degen",
    "ticker": "DEGEN",
    "sc": "0x4ed4E862860beD51a9570b96d89aF5E1B0Efefed",
    "decimals": 18
  },
  {
    "cex": "GATE",
    "nama_token": "EtherMail",
    "ticker": "EMT",
    "sc": "0xe2c86869216aC578bd62a4b8313770d9EE359A05",
    "decimals": 18
  },
  {
    "cex": "GATE",
    "nama_token": "Frok AI",
    "ticker": "FROKAI",
    "sc": "0xcbfe8E065534D0cc117Bd71A11B0249a63E247F7",
    "decimals": 18
  },
  {
    "cex": "GATE",
    "nama_token": "ZAP",
    "ticker": "ZAP",
    "sc": "0xF56B3b3972F2f154555a0b62FF5A22b7b2A3C90B",
    "decimals": 18
  },
  {
    "cex": "GATE",
    "nama_token": "Hive Intelligence",
    "ticker": "HINT",
    "sc": "0x91da780bc7f4b7cf19abe90411a2a296ec5ff787",
    "decimals": 18
  },
  {
    "cex": "GATE",
    "nama_token": "ISKRA Token",
    "ticker": "ISK",
    "sc": "0xd85EFF20288ca72eA9eEcFFb428F89EE5066CA5C",
    "decimals": 18
  },
  {
    "cex": "GATE",
    "nama_token": "Sogni AI",
    "ticker": "SOGNI",
    "sc": "0xe014d2a4da6e450f21b5050120d291e63c8940fd",
    "decimals": 18
  },
  {
    "cex": "GATE",
    "nama_token": "Terrace",
    "ticker": "TRC",
    "sc": "0xc23e4352cdba6fc951398bf274619c4529eac867",
    "decimals": 18
  },
  {
    "cex": "GATE",
    "nama_token": "Navigate",
    "ticker": "NVG8",
    "sc": "0x5d6cae0422a950dbd7918d1e74434a35156b3ba4",
    "decimals": 18
  },
  {
    "cex": "GATE",
    "nama_token": "ARCH AI",
    "ticker": "ARCHAI",
    "sc": "0xd3b0b58ec9516e4b875a075328e2cb059d4d54db",
    "decimals": 18
  },
  {
    "cex": "GATE",
    "nama_token": "Tevaera",
    "ticker": "TEVA",
    "sc": "0x00309d634d11541b857f927be91ad2f0bd78894c",
    "decimals": 18
  },
  {
    "cex": "GATE",
    "nama_token": "Common Wealth",
    "ticker": "WLTH",
    "sc": "0x99b2B1A2aDB02B38222ADcD057783D7e5D1FCC7D",
    "decimals": 18
  },
  {
    "cex": "GATE",
    "nama_token": "Talent Protocol",
    "ticker": "TALENT",
    "sc": "0x9a33406165f562e16c3abd82fd1185482e01b49a",
    "decimals": 18
  },
  {
    "cex": "GATE",
    "nama_token": "mfercoin",
    "ticker": "MFER",
    "sc": "0xE3086852A4B125803C815a158249ae468A3254Ca",
    "decimals": 18
  },
  {
    "cex": "GATE",
    "nama_token": "RWA Inc.",
    "ticker": "RWAINC",
    "sc": "0xe2b1dc2d4a3b4e59fdf0c47b71a7a86391a8b35a",
    "decimals": 18
  },
  {
    "cex": "GATE",
    "nama_token": "Skull Of Pepe Token",
    "ticker": "SKOP",
    "sc": "0x6d3B8C76c5396642960243Febf736C6BE8b60562",
    "decimals": 18
  },
  {
    "cex": "GATE",
    "nama_token": "Freysa",
    "ticker": "FAI",
    "sc": "0xb33ff54b9f7242ef1593d2c9bcd8f9df46c77935",
    "decimals": 18
  },
  {
    "cex": "GATE",
    "nama_token": "Luna by Virtuals",
    "ticker": "LUNAI",
    "sc": "0x55cd6469f597452b5a7536e2cd98fde4c1247ee4",
    "decimals": 18
  },
  {
    "cex": "GATE",
    "nama_token": "Onyxcoin",
    "ticker": "XCN",
    "sc": "0x9c632E6Aaa3eA73f91554f8A3cB2ED2F29605e0C",
    "decimals": 18
  },
  {
    "cex": "GATE",
    "nama_token": "VaderAI by Virtuals",
    "ticker": "VADER",
    "sc": "0x731814e491571a2e9ee3c5b1f7f3b962ee8f4870",
    "decimals": 18
  },
  {
    "cex": "GATE",
    "nama_token": "GoPlus Security",
    "ticker": "GPS",
    "sc": "0x0c1dc73159e30c4b06170f2593d3118968a0dca5",
    "decimals": 18
  },
  {
    "cex": "GATE",
    "nama_token": "SynFutures",
    "ticker": "F",
    "sc": "0x2c24497d4086490e7ead87cc12597fb50c2e6ed6",
    "decimals": 18
  },
  {
    "cex": "GATE",
    "nama_token": "Gamer Tag",
    "ticker": "GMRT",
    "sc": "0x6967f0974d76d34e140cae27efea32cdf546b58e",
    "decimals": 18
  },
  {
    "cex": "GATE",
    "nama_token": "GAME by Virtuals",
    "ticker": "GAMEVIRTUAL",
    "sc": "0x1c4cca7c5db003824208adda61bd749e55f463a3",
    "decimals": 18
  },
  {
    "cex": "GATE",
    "nama_token": "Heurist",
    "ticker": "HEU",
    "sc": "0xef22cb48b8483df6152e1423b19df5553bbd818b",
    "decimals": 18
  },
  {
    "cex": "GATE",
    "nama_token": "Towns",
    "ticker": "TOWNS",
    "sc": "0x00000000a22c618fd6b4d7e9a335c4b96b189a38",
    "decimals": 18
  },
  {
    "cex": "GATE",
    "nama_token": "LINGO",
    "ticker": "LINGO",
    "sc": "0xfb42da273158b0f642f59f2ba7cc1d5457481677",
    "decimals": 18
  },
  {
    "cex": "GATE",
    "nama_token": "Lyvely",
    "ticker": "LVLY",
    "sc": "0xc734635CD30E882037C3f3De1EbCCF9fA9D27D9F",
    "decimals": 18
  },
  {
    "cex": "GATE",
    "nama_token": "Mr. Miggles",
    "ticker": "MIGGLES",
    "sc": "0xB1a03EdA10342529bBF8EB700a06C60441fEf25d",
    "decimals": 18
  },
  {
    "cex": "GATE",
    "nama_token": "Lympid",
    "ticker": "LYP",
    "sc": "0x4837b18a6d7af6159c8665505b90a2ed393255e0",
    "decimals": 18
  },
  {
    "cex": "GATE",
    "nama_token": "BSX Protocol",
    "ticker": "BSX",
    "sc": "0xd47f3e45b23b7594f5d5e1ccfde63237c60be49e",
    "decimals": 18
  },
  {
    "cex": "GATE",
    "nama_token": "DeFi App",
    "ticker": "HOME",
    "sc": "0x4bfaa776991e85e5f8b1255461cbbd216cfc714f",
    "decimals": 18
  },
  {
    "cex": "GATE",
    "nama_token": "Spheron Network",
    "ticker": "SPON",
    "sc": "0x080d43c2164afdbc3712422ce78ab902ccab5ca1",
    "decimals": 18
  },
  {
    "cex": "GATE",
    "nama_token": "Brett",
    "ticker": "BRETT",
    "sc": "0x532f27101965dd16442E59d40670FaF5eBB142E4",
    "decimals": 18
  },
  {
    "cex": "GATE",
    "nama_token": "Zora",
    "ticker": "ZORA",
    "sc": "0x1111111111166b7fe7bd91427724b487980afc69",
    "decimals": 18
  },
  {
    "cex": "GATE",
    "nama_token": "Maverick",
    "ticker": "MAV",
    "sc": "0x64b88c73A5DfA78D1713fE1b4c69a22d7E0faAa7",
    "decimals": 18
  },
  {
    "cex": "GATE",
    "nama_token": "Unagi",
    "ticker": "UNA",
    "sc": "0x24569d33653c404f90aF10A2b98d6E0030D3d267",
    "decimals": 18
  },
  {
    "cex": "GATE",
    "nama_token": "Sign",
    "ticker": "SIGN",
    "sc": "0x868fced65edbf0056c4163515dd840e9f287a4c3",
    "decimals": 18
  },
  {
    "cex": "GATE",
    "nama_token": "Space and Time",
    "ticker": "SXT",
    "sc": "0xa2c22252cdc8b7cddee1b0b2e242818509fcf7b8",
    "decimals": 18
  },
  {
    "cex": "GATE",
    "nama_token": "aixbt by Virtuals",
    "ticker": "AIXBT",
    "sc": "0x4f9fd6be4a90f2620860d680c0d4d5fb53d1a825",
    "decimals": 18
  },
  {
    "cex": "GATE",
    "nama_token": "AWE Network",
    "ticker": "AWE",
    "sc": "0x1b4617734c43f6159f3a70b7e06d883647512778",
    "decimals": 18
  },
  {
    "cex": "GATE",
    "nama_token": "Cookie DAO",
    "ticker": "COOKIE",
    "sc": "0xc0041ef357b183448b235a8ea73ce4e4ec8c265f",
    "decimals": 18
  },
  {
    "cex": "GATE",
    "nama_token": "Heroes of Mavia",
    "ticker": "MAVIA",
    "sc": "0x24fcFC492C1393274B6bcd568ac9e225BEc93584",
    "decimals": 18
  },
  {
    "cex": "GATE",
    "nama_token": "Particle Network",
    "ticker": "PARTI",
    "sc": "0x59264f02d301281f3393e1385c0aefd446eb0f00",
    "decimals": 18
  },
  {
    "cex": "GATE",
    "nama_token": "Friend.tech",
    "ticker": "FRIEND",
    "sc": "0x0bD4887f7D41B35CD75DFF9FfeE2856106f86670",
    "decimals": 18
  },
  {
    "cex": "GATE",
    "nama_token": "Chainbase",
    "ticker": "C",
    "sc": "0xba12bc7b210e61e5d3110b997a63ea216e0e18f7",
    "decimals": 18
  },
  {
    "cex": "GATE",
    "nama_token": "Sapien",
    "ticker": "SAPIEN",
    "sc": "0xc729777d0470f30612b1564fd96e8dd26f5814e3",
    "decimals": 18
  },
  {
    "cex": "GATE",
    "nama_token": "Impossible Cloud Network Token",
    "ticker": "ICNT",
    "sc": "0xe0cd4cacddcbf4f36e845407ce53e87717b6601d",
    "decimals": 18
  },
  {
    "cex": "GATE",
    "nama_token": "CARV",
    "ticker": "CARV",
    "sc": "0xc08Cd26474722cE93F4D0c34D16201461c10AA8C",
    "decimals": 18
  },
  {
    "cex": "GATE",
    "nama_token": "Flock.io",
    "ticker": "FLOCK",
    "sc": "0x5ab3d4c385b400f3abb49e80de2faf6a88a7b691",
    "decimals": 18
  },
  {
    "cex": "GATE",
    "nama_token": "Definitive",
    "ticker": "EDGE",
    "sc": "0xed6e000def95780fb89734c07ee2ce9f6dcaf110",
    "decimals": 18
  },
  {
    "cex": "GATE",
    "nama_token": "Mira",
    "ticker": "MIRA",
    "sc": "0x7aafd31a321d3627b30a8e2171264b56852187fe",
    "decimals": 18
  },
  {
    "cex": "GATE",
    "nama_token": "SoSoValue",
    "ticker": "SOSO",
    "sc": "0x624e2e7fdc8903165f64891672267ab0fcb98831",
    "decimals": 18
  },
  {
    "cex": "GATE",
    "nama_token": "Virtuals Protocol",
    "ticker": "VIRTUAL",
    "sc": "0x0b3e328455c4059EEb9e3f84b5543F74E24e7E1b",
    "decimals": 18
  },
  {
    "cex": "GATE",
    "nama_token": "Avantis",
    "ticker": "AVNT",
    "sc": "0x696f9436b67233384889472cd7cd58a6fb5df4f1",
    "decimals": 18
  },
  {
    "cex": "GATE",
    "nama_token": "Aerodrome",
    "ticker": "AERO",
    "sc": "0x940181a94A35A4569E4529A3CDfB74e38FD98631",
    "decimals": 18
  },
  {
    "cex": "GATE",
    "nama_token": "Kaito",
    "ticker": "KAITO",
    "sc": "0x98d0baa52b2d063e780de12f615f963fe8537553",
    "decimals": 18
  },
  {
    "cex": "GATE",
    "nama_token": "tokenbot",
    "ticker": "CLANKER",
    "sc": "0x1bc0c42215582d5a085795f4badbac3ff36d1bcb",
    "decimals": 18
  },
  {
    "cex": "INDODAX",
    "nama_token": "USDC",
    "ticker": "USDC",
    "sc": "0x833589fCD6eDb6E08f4c7C32D4f71b54bdA02913",
    "decimals": 6
  },
  {
    "cex": "INDODAX",
    "nama_token": "DEGEN",
    "ticker": "DEGEN",
    "sc": "0x4ed4E862860beD51a9570b96d89aF5E1B0Efefed",
    "decimals": 18
  },
  {
    "cex": "INDODAX",
    "nama_token": "HOME",
    "ticker": "HOME",
    "sc": "0x4BfAa776991E85e5f8b1255461cbbd216cFc714f",
    "decimals": 18
  },
  {
    "cex": "INDODAX",
    "nama_token": "BRETT",
    "ticker": "BRETT",
    "sc": "0x532f27101965dd16442E59d40670FaF5eBB142E4",
    "decimals": 18
  },
  {
    "cex": "INDODAX",
    "nama_token": "SIGN",
    "ticker": "SIGN",
    "sc": "0x868FCEd65edBF0056c4163515dD840e9f287A4c3",
    "decimals": 18
  },
  {
    "cex": "INDODAX",
    "nama_token": "SXT",
    "ticker": "SXT",
    "sc": "0xa2c22252cdc8b7cddee1b0b2e242818509fcf7b8",
    "decimals": 18
  },
  {
    "cex": "INDODAX",
    "nama_token": "AIXBT",
    "ticker": "AIXBT",
    "sc": "0x4F9Fd6Be4a90f2620860d680c0d4d5Fb53d1A825",
    "decimals": 18
  },
  {
    "cex": "INDODAX",
    "nama_token": "Maple Finance",
    "ticker": "SYRUP",
    "sc": "0x688aee022aa544f150678b8e5720b6b96a9e9a2f",
    "decimals": 18
  },
  {
    "cex": "INDODAX",
    "nama_token": "TOSHI",
    "ticker": "TOSHI",
    "sc": "0xAC1Bd2486aAf3B5C0fc3Fd868558b082a531B2B4",
    "decimals": 18
  },
  {
    "cex": "INDODAX",
    "nama_token": "AERO",
    "ticker": "AERO",
    "sc": "0x940181a94A35A4569E4529A3CDfB74e38FD98631",
    "decimals": 18
  },
  {
    "cex": "INDODAX",
    "nama_token": "KAITO",
    "ticker": "KAITO",
    "sc": "0x98d0baa52b2d063e780de12f615f963fe8537553",
    "decimals": 18
  },
  {
    "cex": "INDODAX",
    "nama_token": "MORPHO",
    "ticker": "MORPHO",
    "sc": "0xBAa5CC21fd487B8Fcc2F632f3F4E8D37262a0842",
    "decimals": 18
  },
  {
    "cex": "INDODAX",
    "nama_token": "VVV",
    "ticker": "VVV",
    "sc": "0xacfE6019Ed1A7Dc6f7B508C02d1b04ec88cC21bf",
    "decimals": 18
  },
  {
    "cex": "INDODAX",
    "nama_token": "Onyxcoin",
    "ticker": "XCN",
    "sc": "0x9c632e6aaa3ea73f91554f8a3cb2ed2f29605e0c",
    "decimals": 18
  },
  {
    "cex": "INDODAX",
    "nama_token": "ZORA",
    "ticker": "ZORA",
    "sc": "0x1111111111166b7FE7bd91427724B487980aFc69",
    "decimals": 18
  },
  {
    "cex": "INDODAX",
    "nama_token": "MOG",
    "ticker": "MOG",
    "sc": "0x2Da56AcB9Ea78330f947bD57C54119Debda7AF71",
    "decimals": 18
  },
  {
    "cex": "KUCOIN",
    "nama_token": "XOXO",
    "ticker": "XOXO",
    "sc": "0xc799ada44171b741abf41ee54fb1b47fda5960be",
    "decimals": 6
  },
  {
    "cex": "KUCOIN",
    "nama_token": "USDC",
    "ticker": "USDC",
    "sc": "0x833589fcd6edb6e08f4c7c32d4f71b54bda02913",
    "decimals": 6
  },
  {
    "cex": "KUCOIN",
    "nama_token": "RIZ",
    "ticker": "RIZ",
    "sc": "0x67543cf0304c19ca62ac95ba82fd4f4b40788dc1",
    "decimals": 8
  },
  {
    "cex": "KUCOIN",
    "nama_token": "PRO",
    "ticker": "PRO",
    "sc": "0x18dd5b087bca9920562aff7a0199b96b9230438b",
    "decimals": 8
  },
  {
    "cex": "KUCOIN",
    "nama_token": "VIRTUAL",
    "ticker": "VIRTUAL",
    "sc": "0x0b3e328455c4059eeb9e3f84b5543f74e24e7e1b",
    "decimals": 18
  },
  {
    "cex": "KUCOIN",
    "nama_token": "AERO",
    "ticker": "AERO",
    "sc": "0x940181a94a35a4569e4529a3cdfb74e38fd98631",
    "decimals": 18
  },
  {
    "cex": "KUCOIN",
    "nama_token": "VVV",
    "ticker": "VVV",
    "sc": "0xacfe6019ed1a7dc6f7b508c02d1b04ec88cc21bf",
    "decimals": 18
  },
  {
    "cex": "KUCOIN",
    "nama_token": "ZEN",
    "ticker": "ZEN",
    "sc": "0xf43eb8de897fbc7f2502483b2bef7bb9ea179229",
    "decimals": 18
  },
  {
    "cex": "KUCOIN",
    "nama_token": "CLANKER",
    "ticker": "CLANKER",
    "sc": "0x1bc0c42215582d5a085795f4badbac3ff36d1bcb",
    "decimals": 18
  },
  {
    "cex": "KUCOIN",
    "nama_token": "UNITE",
    "ticker": "UNITE",
    "sc": "0xa6c6ea2e0140849be02a3a34780cf61b766916c5",
    "decimals": 18
  },
  {
    "cex": "KUCOIN",
    "nama_token": "TAOCAT",
    "ticker": "TAOCAT",
    "sc": "0x7a5f5ccd46ebd7ac30615836d988ca3bd57412b3",
    "decimals": 18
  },
  {
    "cex": "KUCOIN",
    "nama_token": "TOSHI",
    "ticker": "TOSHI",
    "sc": "0xac1bd2486aaf3b5c0fc3fd868558b082a531b2b4",
    "decimals": 18
  },
  {
    "cex": "KUCOIN",
    "nama_token": "NAYM",
    "ticker": "NAYM",
    "sc": "0x314d7f9e2f55b430ef656fbb98a7635d43a2261e",
    "decimals": 18
  },
  {
    "cex": "KUCOIN",
    "nama_token": "B3",
    "ticker": "B3",
    "sc": "0xb3b32f9f8827d4634fe7d973fa1034ec9fddb3b3",
    "decimals": 18
  },
  {
    "cex": "KUCOIN",
    "nama_token": "DEGEN",
    "ticker": "DEGEN",
    "sc": "0x4ed4e862860bed51a9570b96d89af5e1b0efefed",
    "decimals": 18
  },
  {
    "cex": "KUCOIN",
    "nama_token": "NVG8",
    "ticker": "NVG8",
    "sc": "0x5d6cae0422a950dbd7918d1e74434a35156b3ba4",
    "decimals": 18
  },
  {
    "cex": "KUCOIN",
    "nama_token": "TEVA",
    "ticker": "TEVA",
    "sc": "0x00309d634d11541b857f927be91ad2f0bd78894c",
    "decimals": 18
  },
  {
    "cex": "KUCOIN",
    "nama_token": "ODOS",
    "ticker": "ODOS",
    "sc": "0xca73ed1815e5915489570014e024b7ebe65de679",
    "decimals": 18
  },
  {
    "cex": "KUCOIN",
    "nama_token": "WLTH",
    "ticker": "WLTH",
    "sc": "0x99b2b1a2adb02b38222adcd057783d7e5d1fcc7d",
    "decimals": 18
  },
  {
    "cex": "KUCOIN",
    "nama_token": "RWA",
    "ticker": "RWA",
    "sc": "0xe2b1dc2d4a3b4e59fdf0c47b71a7a86391a8b35a",
    "decimals": 18
  },
  {
    "cex": "KUCOIN",
    "nama_token": "XCN",
    "ticker": "XCN",
    "sc": "0x9c632e6aaa3ea73f91554f8a3cb2ed2f29605e0c",
    "decimals": 18
  },
  {
    "cex": "KUCOIN",
    "nama_token": "GPS",
    "ticker": "GPS",
    "sc": "0x0c1dc73159e30c4b06170f2593d3118968a0dca5",
    "decimals": 18
  },
  {
    "cex": "KUCOIN",
    "nama_token": "F",
    "ticker": "F",
    "sc": "0x2c24497d4086490e7ead87cc12597fb50c2e6ed6",
    "decimals": 18
  },
  {
    "cex": "KUCOIN",
    "nama_token": "GAMEAI",
    "ticker": "GAMEAI",
    "sc": "0x1c4cca7c5db003824208adda61bd749e55f463a3",
    "decimals": 18
  },
  {
    "cex": "KUCOIN",
    "nama_token": "TOWNS",
    "ticker": "TOWNS",
    "sc": "0x00000000a22c618fd6b4d7e9a335c4b96b189a38",
    "decimals": 18
  },
  {
    "cex": "KUCOIN",
    "nama_token": "LINGO",
    "ticker": "LINGO",
    "sc": "0xfb42da273158b0f642f59f2ba7cc1d5457481677",
    "decimals": 18
  },
  {
    "cex": "KUCOIN",
    "nama_token": "MIGGLES",
    "ticker": "MIGGLES",
    "sc": "0xb1a03eda10342529bbf8eb700a06c60441fef25d",
    "decimals": 18
  },
  {
    "cex": "KUCOIN",
    "nama_token": "HOME",
    "ticker": "HOME",
    "sc": "0x4bfaa776991e85e5f8b1255461cbbd216cfc714f",
    "decimals": 18
  },
  {
    "cex": "KUCOIN",
    "nama_token": "BRETT",
    "ticker": "BRETT",
    "sc": "0x532f27101965dd16442e59d40670faf5ebb142e4",
    "decimals": 18
  },
  {
    "cex": "KUCOIN",
    "nama_token": "ZORA",
    "ticker": "ZORA",
    "sc": "0x1111111111166b7fe7bd91427724b487980afc69",
    "decimals": 18
  },
  {
    "cex": "KUCOIN",
    "nama_token": "UNA",
    "ticker": "UNA",
    "sc": "0x24569d33653c404f90af10a2b98d6e0030d3d267",
    "decimals": 18
  },
  {
    "cex": "KUCOIN",
    "nama_token": "SIGN",
    "ticker": "SIGN",
    "sc": "0x868fced65edbf0056c4163515dd840e9f287a4c3",
    "decimals": 18
  },
  {
    "cex": "KUCOIN",
    "nama_token": "SXT",
    "ticker": "SXT",
    "sc": "0xa2c22252cdc8b7cddee1b0b2e242818509fcf7b8",
    "decimals": 18
  },
  {
    "cex": "KUCOIN",
    "nama_token": "AIXBT",
    "ticker": "AIXBT",
    "sc": "0x4f9fd6be4a90f2620860d680c0d4d5fb53d1a825",
    "decimals": 18
  },
  {
    "cex": "KUCOIN",
    "nama_token": "AWE",
    "ticker": "AWE",
    "sc": "0x1b4617734c43f6159f3a70b7e06d883647512778",
    "decimals": 18
  },
  {
    "cex": "KUCOIN",
    "nama_token": "PARTI",
    "ticker": "PARTI",
    "sc": "0x59264f02d301281f3393e1385c0aefd446eb0f00",
    "decimals": 18
  },
  {
    "cex": "KUCOIN",
    "nama_token": "PROMPT",
    "ticker": "PROMPT",
    "sc": "0x30c7235866872213f68cb1f08c37cb9eccb93452",
    "decimals": 18
  },
  {
    "cex": "KUCOIN",
    "nama_token": "GIZA",
    "ticker": "GIZA",
    "sc": "0x590830dfdf9a3f68afcdde2694773debdf267774",
    "decimals": 18
  },
  {
    "cex": "KUCOIN",
    "nama_token": "C",
    "ticker": "C",
    "sc": "0xba12bc7b210e61e5d3110b997a63ea216e0e18f7",
    "decimals": 18
  },
  {
    "cex": "KUCOIN",
    "nama_token": "SAPIEN",
    "ticker": "SAPIEN",
    "sc": "0xc729777d0470f30612b1564fd96e8dd26f5814e3",
    "decimals": 18
  },
  {
    "cex": "KUCOIN",
    "nama_token": "ICNT",
    "ticker": "ICNT",
    "sc": "0xe0cd4cacddcbf4f36e845407ce53e87717b6601d",
    "decimals": 18
  },
  {
    "cex": "KUCOIN",
    "nama_token": "CARV",
    "ticker": "CARV",
    "sc": "0xc08cd26474722ce93f4d0c34d16201461c10aa8c",
    "decimals": 18
  },
  {
    "cex": "KUCOIN",
    "nama_token": "FLOCK",
    "ticker": "FLOCK",
    "sc": "0x5ab3d4c385b400f3abb49e80de2faf6a88a7b691",
    "decimals": 18
  },
  {
    "cex": "KUCOIN",
    "nama_token": "MIRA",
    "ticker": "MIRA",
    "sc": "0x7aafd31a321d3627b30a8e2171264b56852187fe",
    "decimals": 18
  },
  {
    "cex": "KUCOIN",
    "nama_token": "AVNT",
    "ticker": "AVNT",
    "sc": "0x696f9436b67233384889472cd7cd58a6fb5df4f1",
    "decimals": 18
  },
  {
    "cex": "KUCOIN",
    "nama_token": "KAITO",
    "ticker": "KAITO",
    "sc": "0x98d0baa52b2d063e780de12f615f963fe8537553",
    "decimals": 18
  },
  {
    "cex": "MEXC",
    "nama_token": "XO Protocol",
    "ticker": "XOXO",
    "sc": "0xc799AdA44171b741Abf41Ee54fb1B47fda5960bE",
    "decimals": 6
  },
  {
    "cex": "MEXC",
    "nama_token": "Calcify Tech",
    "ticker": "CALCIFY",
    "sc": "0x019029665a6E73eF98E1970f8A5434B3de38d41c",
    "decimals": 6
  },
  {
    "cex": "MEXC",
    "nama_token": "USDC",
    "ticker": "USDC",
    "sc": "0x833589fCD6eDb6E08f4c7C32D4f71b54bdA02913",
    "decimals": 6
  },
  {
    "cex": "MEXC",
    "nama_token": "Rivalz Network",
    "ticker": "RIZ",
    "sc": "0x67543CF0304C19CA62AC95ba82FD4F4B40788dc1",
    "decimals": 8
  },
  {
    "cex": "MEXC",
    "nama_token": "EstateX",
    "ticker": "ESX",
    "sc": "0x6a72d3A87f97a0fEE2c2ee4233BdAEBc32813D7a",
    "decimals": 9
  },
  {
    "cex": "MEXC",
    "nama_token": "SKI MASK DOG",
    "ticker": "SKI",
    "sc": "0x768BE13e1680b5ebE0024C42c896E3dB59ec0149",
    "decimals": 9
  },
  {
    "cex": "MEXC",
    "nama_token": "Based Pepe",
    "ticker": "BASEDPEPE",
    "sc": "0x52b492a33E447Cdb854c7FC19F1e57E8BfA1777D",
    "decimals": 18
  },
  {
    "cex": "MEXC",
    "nama_token": "Gochujang Coin",
    "ticker": "GOCHU",
    "sc": "0x9aAaE745cf2830FB8DDc6248B17436dC3a5E701C",
    "decimals": 18
  },
  {
    "cex": "MEXC",
    "nama_token": "Mog Coin",
    "ticker": "MOG",
    "sc": "0x2Da56AcB9Ea78330f947bD57C54119Debda7AF71",
    "decimals": 18
  },
  {
    "cex": "MEXC",
    "nama_token": "Impossible Cloud Net",
    "ticker": "ICNT",
    "sc": "0xE0Cd4cAcDdcBF4f36e845407CE53E87717b6601d",
    "decimals": 18
  },
  {
    "cex": "MEXC",
    "nama_token": "Grand Base",
    "ticker": "GRAND",
    "sc": "0x2aF864fb54b55900Cd58d19c7102d9e4FA8D84a3",
    "decimals": 18
  },
  {
    "cex": "MEXC",
    "nama_token": "IMO Invest",
    "ticker": "IMO",
    "sc": "0x5A7a2bf9fFae199f088B25837DcD7E115CF8E1bb",
    "decimals": 18
  },
  {
    "cex": "MEXC",
    "nama_token": "VVV",
    "ticker": "VVV",
    "sc": "0xacfE6019Ed1A7Dc6f7B508C02d1b04ec88cC21bf",
    "decimals": 18
  },
  {
    "cex": "MEXC",
    "nama_token": "Horizen",
    "ticker": "ZEN",
    "sc": "0xf43eB8De897Fbc7F2502483B2Bef7Bb9EA179229",
    "decimals": 18
  },
  {
    "cex": "MEXC",
    "nama_token": "Mochi",
    "ticker": "MOCHI",
    "sc": "0xF6e932Ca12afa26665dC4dDE7e27be02A7c02e50",
    "decimals": 18
  },
  {
    "cex": "MEXC",
    "nama_token": "Line Protocol",
    "ticker": "LINE",
    "sc": "0xA63C1CE4963ea71F93e79223649a3f2F2EBB079b",
    "decimals": 18
  },
  {
    "cex": "MEXC",
    "nama_token": "KOLZ",
    "ticker": "KOLZ",
    "sc": "0x50CE4129Ca261CCDe4EB100c170843c2936Bc11b",
    "decimals": 18
  },
  {
    "cex": "MEXC",
    "nama_token": "The Winkyverse",
    "ticker": "WNK",
    "sc": "0xbF82115918A88E2120C0f73d99CCd8f95c301B59",
    "decimals": 18
  },
  {
    "cex": "MEXC",
    "nama_token": "Unite",
    "ticker": "UNITE",
    "sc": "0xA6C6ea2e0140849bE02A3a34780CF61b766916c5",
    "decimals": 18
  },
  {
    "cex": "MEXC",
    "nama_token": "DOGINME",
    "ticker": "DOGINME",
    "sc": "0x6921B130D297cc43754afba22e5EAc0FBf8Db75b",
    "decimals": 18
  },
  {
    "cex": "MEXC",
    "nama_token": "NOICE",
    "ticker": "NOICE",
    "sc": "0x9Cb41FD9dC6891BAe8187029461bfAADF6CC0C69",
    "decimals": 18
  },
  {
    "cex": "MEXC",
    "nama_token": "Primex Finance",
    "ticker": "PMX",
    "sc": "0x0B3EAEAd748facDb9d943d3407011f16Eb17D0Cf",
    "decimals": 18
  },
  {
    "cex": "MEXC",
    "nama_token": "Toshi",
    "ticker": "TOSHI",
    "sc": "0xAC1Bd2486aAf3B5C0fc3Fd868558b082a531B2B4",
    "decimals": 18
  },
  {
    "cex": "MEXC",
    "nama_token": "GRAM Ecosystem",
    "ticker": "GRAMPUS",
    "sc": "0x856D602E73545deAA1491a3726cF628d49f74F51",
    "decimals": 18
  },
  {
    "cex": "MEXC",
    "nama_token": "AI Agent Layer",
    "ticker": "AIFUN",
    "sc": "0xbDF317F9C153246C429F23f4093087164B145390",
    "decimals": 18
  },
  {
    "cex": "MEXC",
    "nama_token": "RealEstateMetaverse",
    "ticker": "REM",
    "sc": "0x83d5D441eD15737D34226b682F7427d2217f2a8f",
    "decimals": 18
  },
  {
    "cex": "MEXC",
    "nama_token": "B3 Base",
    "ticker": "B3",
    "sc": "0xB3B32F9f8827D4634fE7d973Fa1034Ec9fdDB3B3",
    "decimals": 18
  },
  {
    "cex": "MEXC",
    "nama_token": "Degen",
    "ticker": "DEGEN",
    "sc": "0x4ed4E862860beD51a9570b96d89aF5E1B0Efefed",
    "decimals": 18
  },
  {
    "cex": "MEXC",
    "nama_token": "Keyboard Cat",
    "ticker": "KEYCAT",
    "sc": "0x9a26F5433671751C3276a065f57e5a02D2817973",
    "decimals": 18
  },
  {
    "cex": "MEXC",
    "nama_token": "GENOME",
    "ticker": "GENOME",
    "sc": "0x1db0c569ebb4a8b57AC01833B9792F526305e062",
    "decimals": 18
  },
  {
    "cex": "MEXC",
    "nama_token": "Hive Intelligence",
    "ticker": "HINT",
    "sc": "0x91dA780BC7f4B7Cf19ABE90411a2a296Ec5FF787",
    "decimals": 18
  },
  {
    "cex": "MEXC",
    "nama_token": "IMGN Labs",
    "ticker": "IMGN",
    "sc": "0x9BbA915F036158582C20B51113B925f243A1A1A1",
    "decimals": 18
  },
  {
    "cex": "MEXC",
    "nama_token": "Sogni AI",
    "ticker": "SOGNI",
    "sc": "0xE014d2A4da6E450f21b5050120D291e63c8940FD",
    "decimals": 18
  },
  {
    "cex": "MEXC",
    "nama_token": "Terrace",
    "ticker": "TRC",
    "sc": "0xC23E4352cdBa6Fc951398bf274619C4529eAc867",
    "decimals": 18
  },
  {
    "cex": "MEXC",
    "nama_token": "Tevaera",
    "ticker": "TEVA",
    "sc": "0x00309D634d11541b857f927BE91aD2f0bD78894c",
    "decimals": 18
  },
  {
    "cex": "MEXC",
    "nama_token": "OBT",
    "ticker": "OBT",
    "sc": "0x514D8E8099286a13486Ef6C525C120f51C239B52",
    "decimals": 18
  },
  {
    "cex": "MEXC",
    "nama_token": "ARI10",
    "ticker": "ARI",
    "sc": "0xD1e6f3f0a7f40d5412F7471875879381441BF722",
    "decimals": 18
  },
  {
    "cex": "MEXC",
    "nama_token": "Odos",
    "ticker": "ODOS",
    "sc": "0xca73ed1815e5915489570014e024b7EbE65dE679",
    "decimals": 18
  },
  {
    "cex": "MEXC",
    "nama_token": "SHARDS",
    "ticker": "SHARD",
    "sc": "0xd8707B400A5Dc85CBaDDB7279c2Bf40221dF2521",
    "decimals": 18
  },
  {
    "cex": "MEXC",
    "nama_token": "MetaFight",
    "ticker": "MFT",
    "sc": "0xb372dC09D8D84e1246760EE9d279E504A89f5684",
    "decimals": 18
  },
  {
    "cex": "MEXC",
    "nama_token": "Redacted Coin",
    "ticker": "RDAC",
    "sc": "0xD3F68c6e8AeE820569D58AdF8d85d94489315192",
    "decimals": 18
  },
  {
    "cex": "MEXC",
    "nama_token": "OBORTECH",
    "ticker": "OBORTECH",
    "sc": "0xF83759099dC88f75FC83de854c41E0D9e83AdA9B",
    "decimals": 18
  },
  {
    "cex": "MEXC",
    "nama_token": "Common Wealth",
    "ticker": "WLTH",
    "sc": "0x99b2B1A2aDB02B38222ADcD057783D7e5D1FCC7D",
    "decimals": 18
  },
  {
    "cex": "MEXC",
    "nama_token": "Talent Protocol",
    "ticker": "TALENT",
    "sc": "0x9a33406165f562E16C3abD82fd1185482E01b49a",
    "decimals": 18
  },
  {
    "cex": "MEXC",
    "nama_token": "BOMO on Base",
    "ticker": "BOMO",
    "sc": "0x0215eD0FE07951b2CD68e1b39fFbd0a841fE3C6E",
    "decimals": 18
  },
  {
    "cex": "MEXC",
    "nama_token": "RWA Inc.",
    "ticker": "RWAINC",
    "sc": "0xE2B1dc2D4A3b4E59FDF0c47B71A7A86391a8B35a",
    "decimals": 18
  },
  {
    "cex": "MEXC",
    "nama_token": "Loomlay",
    "ticker": "LAY",
    "sc": "0xb89D354AD1b0d95a48b3De4607F75a8cD710c1bA",
    "decimals": 18
  },
  {
    "cex": "MEXC",
    "nama_token": "KILT Protocol",
    "ticker": "KILT",
    "sc": "0x5D0DD05bB095fdD6Af4865A1AdF97c39C85ad2d8",
    "decimals": 18
  },
  {
    "cex": "MEXC",
    "nama_token": "Freysa",
    "ticker": "FAI",
    "sc": "0xb33Ff54b9F7242EF1593d2C9Bcd8f9df46c77935",
    "decimals": 18
  },
  {
    "cex": "MEXC",
    "nama_token": "Luna by Virtuals",
    "ticker": "LUNAI",
    "sc": "0x55cD6469F597452B5A7536e2CD98fDE4c1247ee4",
    "decimals": 18
  },
  {
    "cex": "MEXC",
    "nama_token": "VaderAI by Virtuals",
    "ticker": "VADER",
    "sc": "0x731814e491571A2e9eE3c5b1F7f3b962eE8f4870",
    "decimals": 18
  },
  {
    "cex": "MEXC",
    "nama_token": "GoPlus Security",
    "ticker": "GPS",
    "sc": "0x0C1dC73159e30c4b06170F2593D3118968a0DCa5",
    "decimals": 18
  },
  {
    "cex": "MEXC",
    "nama_token": "Rizenet Token",
    "ticker": "RIZE",
    "sc": "0x9818B6c09f5ECc843060927E8587c427C7C93583",
    "decimals": 18
  },
  {
    "cex": "MEXC",
    "nama_token": "Libertum",
    "ticker": "LBM",
    "sc": "0x56A38E7216304108E841579041249fEb236C887b",
    "decimals": 18
  },
  {
    "cex": "MEXC",
    "nama_token": "GAME by Virtuals",
    "ticker": "GAMEVIRTUAL",
    "sc": "0x1C4CcA7C5DB003824208aDDA61Bd749e55F463a3",
    "decimals": 18
  },
  {
    "cex": "MEXC",
    "nama_token": "IncomRWA",
    "ticker": "IRWA",
    "sc": "0x833f973406E07830d494cBe5FaBBc3AE9c750c1F",
    "decimals": 18
  },
  {
    "cex": "MEXC",
    "nama_token": "Defactor",
    "ticker": "DEFACTOR",
    "sc": "0x0b0E6E32E4d69cB418630163574959108EdCB80E",
    "decimals": 18
  },
  {
    "cex": "MEXC",
    "nama_token": "TOWNS",
    "ticker": "TOWNS",
    "sc": "0x00000000A22C618fd6b4D7E9A335C4B96B189a38",
    "decimals": 18
  },
  {
    "cex": "MEXC",
    "nama_token": "Refacta AI",
    "ticker": "REFACTA",
    "sc": "0x755025385B692A423039510D64c8B02156ACb813",
    "decimals": 18
  },
  {
    "cex": "MEXC",
    "nama_token": "PAID Network",
    "ticker": "PAID",
    "sc": "0x655A51e6803faF50D4acE80fa501af2F29C856cF",
    "decimals": 18
  },
  {
    "cex": "MEXC",
    "nama_token": "Lingo",
    "ticker": "LINGO",
    "sc": "0xfb42Da273158B0F642F59F2Ba7cc1d5457481677",
    "decimals": 18
  },
  {
    "cex": "MEXC",
    "nama_token": "FluxAi",
    "ticker": "FLUXAI",
    "sc": "0x24147e6500766C66b8325cf340038cBeDcA090b2",
    "decimals": 18
  },
  {
    "cex": "MEXC",
    "nama_token": "Lyvely",
    "ticker": "LVLY",
    "sc": "0xc734635CD30E882037C3f3De1EbCCF9fA9D27D9F",
    "decimals": 18
  },
  {
    "cex": "MEXC",
    "nama_token": "Mr. Miggles",
    "ticker": "MIGGLES",
    "sc": "0xB1a03EdA10342529bBF8EB700a06C60441fEf25d",
    "decimals": 18
  },
  {
    "cex": "MEXC",
    "nama_token": "AUKI",
    "ticker": "AUKI",
    "sc": "0xF9569cFb8FD265e91aa478d86ae8c78b8AF55Df4",
    "decimals": 18
  },
  {
    "cex": "MEXC",
    "nama_token": "Lympid",
    "ticker": "LYP",
    "sc": "0x4837b18a6d7aF6159c8665505B90a2ed393255E0",
    "decimals": 18
  },
  {
    "cex": "MEXC",
    "nama_token": "BSX Protocol",
    "ticker": "BSX",
    "sc": "0xD47F3E45B23b7594F5d5e1CcFde63237c60BE49e",
    "decimals": 18
  },
  {
    "cex": "MEXC",
    "nama_token": "Defi App",
    "ticker": "HOME",
    "sc": "0x4BfAa776991E85e5f8b1255461cbbd216cFc714f",
    "decimals": 18
  },
  {
    "cex": "MEXC",
    "nama_token": "Spheron Network",
    "ticker": "SPON",
    "sc": "0x080D43c2164AFdBc3712422CE78Ab902ccaB5CA1",
    "decimals": 18
  },
  {
    "cex": "MEXC",
    "nama_token": "PlaysOut",
    "ticker": "PLAY",
    "sc": "0x853a7c99227499DbA9dB8C3A02aA691aFDeBf841",
    "decimals": 18
  },
  {
    "cex": "MEXC",
    "nama_token": "Zora",
    "ticker": "ZORA",
    "sc": "0x1111111111166b7FE7bd91427724B487980aFc69",
    "decimals": 18
  },
  {
    "cex": "MEXC",
    "nama_token": "Sign",
    "ticker": "SIGN",
    "sc": "0x868FCEd65edBF0056c4163515dD840e9f287A4c3",
    "decimals": 18
  },
  {
    "cex": "MEXC",
    "nama_token": "SXT",
    "ticker": "SXT",
    "sc": "0xA2c22252cDc8b7cDdEe1B0b2E242818509fCf7b8",
    "decimals": 18
  },
  {
    "cex": "MEXC",
    "nama_token": "Mamo",
    "ticker": "MAMO",
    "sc": "0x7300B37DfdfAb110d83290A29DfB31B1740219fE",
    "decimals": 18
  },
  {
    "cex": "MEXC",
    "nama_token": "GAIA",
    "ticker": "GAIA",
    "sc": "0x6FbF03Efa4363cA0aFe0C9C3906F7D610890B683",
    "decimals": 18
  },
  {
    "cex": "MEXC",
    "nama_token": "Reflect",
    "ticker": "RFL",
    "sc": "0x6e2c81b6c2C0e02360F00a0dA694e489acB0b05e",
    "decimals": 18
  },
  {
    "cex": "MEXC",
    "nama_token": "Aixbt",
    "ticker": "AIXBT",
    "sc": "0x4F9Fd6Be4a90f2620860d680c0d4d5Fb53d1A825",
    "decimals": 18
  },
  {
    "cex": "MEXC",
    "nama_token": "AWE Network",
    "ticker": "AWE",
    "sc": "0x1B4617734C43F6159F3a70b7E06d883647512778",
    "decimals": 18
  },
  {
    "cex": "MEXC",
    "nama_token": "Mey Network",
    "ticker": "MEY",
    "sc": "0x8bFAc1b375bf2894D6F12fb2Eb48B1C1a7916789",
    "decimals": 18
  },
  {
    "cex": "MEXC",
    "nama_token": "Cookie DAO",
    "ticker": "COOKIE",
    "sc": "0xC0041EF357B183448B235a8Ea73Ce4E4eC8c265F",
    "decimals": 18
  },
  {
    "cex": "MEXC",
    "nama_token": "Heroes of Mavia",
    "ticker": "MAVIA",
    "sc": "0x24fcFC492C1393274B6bcd568ac9e225BEc93584",
    "decimals": 18
  },
  {
    "cex": "MEXC",
    "nama_token": "zkVerify",
    "ticker": "VFY",
    "sc": "0xa749dE6c28262B7ffbc5De27dC845DD7eCD2b358",
    "decimals": 18
  },
  {
    "cex": "MEXC",
    "nama_token": "Prompt",
    "ticker": "PROMPT",
    "sc": "0x30c7235866872213F68cb1F08c37Cb9eCCB93452",
    "decimals": 18
  },
  {
    "cex": "MEXC",
    "nama_token": "Giza",
    "ticker": "GIZA",
    "sc": "0x590830dFDf9A3F68aFCDdE2694773dEBDF267774",
    "decimals": 18
  },
  {
    "cex": "MEXC",
    "nama_token": "Chainbase",
    "ticker": "C",
    "sc": "0xba12BC7B210E61e5D3110B997A63Ea216e0E18F7",
    "decimals": 18
  },
  {
    "cex": "MEXC",
    "nama_token": "Sapien",
    "ticker": "SAPIEN",
    "sc": "0xC729777d0470F30612B1564Fd96E8Dd26f5814E3",
    "decimals": 18
  },
  {
    "cex": "MEXC",
    "nama_token": "Chis AI",
    "ticker": "CHISAI",
    "sc": "0x21023e347CF3c69355dAF36107945876E2c4071a",
    "decimals": 18
  },
  {
    "cex": "MEXC",
    "nama_token": "CARV",
    "ticker": "CARV",
    "sc": "0xc08Cd26474722cE93F4D0c34D16201461c10AA8C",
    "decimals": 18
  },
  {
    "cex": "MEXC",
    "nama_token": "SyncVault",
    "ticker": "SVTS",
    "sc": "0xb4e017223Fd3D639d0264DE4Da1b9E080325Cb5E",
    "decimals": 18
  },
  {
    "cex": "MEXC",
    "nama_token": "FLock.io",
    "ticker": "FLOCK",
    "sc": "0x5aB3D4c385B400F3aBB49e80DE2fAF6a88A7B691",
    "decimals": 18
  },
  {
    "cex": "MEXC",
    "nama_token": "Ribbita by Virtuals",
    "ticker": "TIBBIR",
    "sc": "0xA4A2E2ca3fBfE21aed83471D28b6f65A233C6e00",
    "decimals": 18
  },
  {
    "cex": "MEXC",
    "nama_token": "Edge",
    "ticker": "EDGE",
    "sc": "0xED6E000dEF95780fb89734c07EE2ce9F6dcAf110",
    "decimals": 18
  },
  {
    "cex": "MEXC",
    "nama_token": "MIRA",
    "ticker": "MIRA",
    "sc": "0x7AaFD31a321d3627b30A8e2171264B56852187fe",
    "decimals": 18
  },
  {
    "cex": "MEXC",
    "nama_token": "SoSoValue",
    "ticker": "SOSO",
    "sc": "0x624e2e7fDc8903165F64891672267AB0FCB98831",
    "decimals": 18
  },
  {
    "cex": "MEXC",
    "nama_token": "Virtuals Protocol",
    "ticker": "VIRTUAL",
    "sc": "0x0b3e328455c4059EEb9e3f84b5543F74E24e7E1b",
    "decimals": 18
  },
  {
    "cex": "MEXC",
    "nama_token": "Avantis",
    "ticker": "AVNT",
    "sc": "0x696F9436B67233384889472Cd7cD58A6fB5DF4f1",
    "decimals": 18
  },
  {
    "cex": "MEXC",
    "nama_token": "Aerodrome Finance",
    "ticker": "AERO",
    "sc": "0x940181a94A35A4569E4529A3CDfB74e38FD98631",
    "decimals": 18
  },
  {
    "cex": "MEXC",
    "nama_token": "luminous",
    "ticker": "LUM",
    "sc": "0x0fD7a301B51d0A83FCAf6718628174D527B373b6",
    "decimals": 18
  },
  {
    "cex": "MEXC",
    "nama_token": "Kaito",
    "ticker": "KAITO",
    "sc": "0x98d0baa52b2D063E780DE12F615f963Fe8537553",
    "decimals": 18
  },
  {
    "cex": "MEXC",
    "nama_token": "ZEEBU",
    "ticker": "ZBU",
    "sc": "0x2C8C89C442436CC6C0a77943E09c8Daf49Da3161",
    "decimals": 18
  },
  {
    "cex": "MEXC",
    "nama_token": "tokenbot",
    "ticker": "CLANKER",
    "sc": "0x1bc0c42215582d5A085795f4baDbaC3ff36d1Bcb",
    "decimals": 18
  }
]